{"stats":{"minecraft:custom":{"minecraft:jump":211,"minecraft:time_since_rest":12711,"minecraft:walk_on_water_one_cm":946,"minecraft:crouch_one_cm":145,"minecraft:leave_game":2,"minecraft:play_time":15871,"minecraft:sprint_one_cm":16170,"minecraft:walk_one_cm":4768,"minecraft:time_since_death":12704,"minecraft:deaths":2,"minecraft:sneak_time":114,"minecraft:total_world_time":15871,"minecraft:walk_under_water_one_cm":6300,"minecraft:fly_one_cm":154021},"minecraft:used":{"minecraft:grass_block":2}},"DataVersion":3465}