{"stats":{"minecraft:picked_up":{"minecraft:sand":53},"minecraft:custom":{"minecraft:time_since_rest":339,"minecraft:crouch_one_cm":1922,"minecraft:sprint_one_cm":41103,"minecraft:play_time":66367,"minecraft:deaths":1,"minecraft:walk_one_cm":83386,"minecraft:sneak_time":2108,"minecraft:mob_kills":1,"minecraft:jump":505,"minecraft:damage_dealt":100,"minecraft:leave_game":2,"minecraft:time_since_death":333,"minecraft:total_world_time":66367,"minecraft:climb_one_cm":245,"minecraft:fall_one_cm":418,"minecraft:fly_one_cm":724139},"minecraft:killed":{"minecraft:bee":1},"minecraft:used":{"minecraft:stone_axe":1,"minecraft:sea_lantern":1,"minecraft:potion":1,"minecraft:cobblestone":133,"minecraft:dirt":61,"minecraft:sand":91,"minecraft:cobblestone_stairs":89,"minecraft:spruce_door":1,"minecraft:lantern":5,"minecraft:grass_block":2,"minecraft:white_stained_glass_pane":8,"minecraft:chain":1,"minecraft:spruce_planks":93,"minecraft:coarse_dirt":51,"minecraft:spruce_fence":73,"minecraft:spruce_log":45,"minecraft:cobblestone_slab":201}},"DataVersion":3465}