{"stats":{"minecraft:picked_up":{"minecraft:wooden_axe":1,"minecraft:redstone_block":1,"minecraft:sand":53,"minecraft:tnt":1,"minecraft:egg":1},"minecraft:custom":{"minecraft:time_since_rest":24339,"minecraft:sprint_one_cm":63535,"minecraft:walk_one_cm":121694,"minecraft:damage_taken":700,"minecraft:mob_kills":1,"minecraft:damage_dealt":120,"minecraft:fly_one_cm":896047,"minecraft:crouch_one_cm":2046,"minecraft:play_time":90367,"minecraft:deaths":1,"minecraft:sneak_time":2263,"minecraft:jump":851,"minecraft:leave_game":2,"minecraft:time_since_death":24333,"minecraft:climb_one_cm":245,"minecraft:total_world_time":90367,"minecraft:fall_one_cm":11210},"minecraft:killed":{"minecraft:bee":1},"minecraft:used":{"minecraft:shroomlight":12,"minecraft:sea_lantern":1,"minecraft:cobblestone_stairs":89,"minecraft:spruce_door":1,"minecraft:command_block":19,"minecraft:lime_carpet":1,"minecraft:lantern":5,"minecraft:grass_block":2,"minecraft:stone_button":9,"minecraft:spruce_planks":93,"minecraft:redstone_block":2,"minecraft:totem_of_undying":2,"minecraft:cobblestone_slab":201,"minecraft:stone_axe":1,"minecraft:blue_carpet":1,"minecraft:orange_carpet":1,"minecraft:red_carpet":1,"minecraft:dirt":78,"minecraft:sand":91,"minecraft:cobblestone":136,"minecraft:potion":1,"minecraft:white_stained_glass_pane":8,"minecraft:chain":1,"minecraft:yellow_carpet":2,"minecraft:egg":1,"minecraft:pink_carpet":1,"minecraft:coarse_dirt":51,"minecraft:purple_carpet":1,"minecraft:spruce_fence":73,"minecraft:spruce_log":45,"minecraft:light_blue_carpet":1}},"DataVersion":3465}