{"stats":{"minecraft:picked_up":{"minecraft:sand":53},"minecraft:custom":{"minecraft:time_since_rest":42367,"minecraft:crouch_one_cm":1407,"minecraft:sprint_one_cm":26791,"minecraft:play_time":42367,"minecraft:walk_one_cm":65857,"minecraft:sneak_time":1805,"minecraft:mob_kills":1,"minecraft:jump":355,"minecraft:damage_dealt":100,"minecraft:leave_game":2,"minecraft:time_since_death":42367,"minecraft:total_world_time":42367,"minecraft:climb_one_cm":245,"minecraft:fall_one_cm":418,"minecraft:fly_one_cm":592175},"minecraft:killed":{"minecraft:bee":1},"minecraft:used":{"minecraft:stone_axe":1,"minecraft:sea_lantern":1,"minecraft:potion":1,"minecraft:cobblestone":125,"minecraft:dirt":59,"minecraft:sand":91,"minecraft:cobblestone_stairs":89,"minecraft:spruce_door":1,"minecraft:lantern":5,"minecraft:grass_block":2,"minecraft:white_stained_glass_pane":8,"minecraft:chain":1,"minecraft:spruce_planks":93,"minecraft:coarse_dirt":51,"minecraft:spruce_fence":73,"minecraft:spruce_log":45,"minecraft:cobblestone_slab":159}},"DataVersion":3465}