{"stats":{"minecraft:picked_up":{"minecraft:sand":53},"minecraft:custom":{"minecraft:jump":113,"minecraft:time_since_rest":18367,"minecraft:crouch_one_cm":260,"minecraft:play_time":18367,"minecraft:leave_game":2,"minecraft:sprint_one_cm":3351,"minecraft:time_since_death":18367,"minecraft:walk_one_cm":8523,"minecraft:sneak_time":482,"minecraft:climb_one_cm":245,"minecraft:total_world_time":18367,"minecraft:fall_one_cm":418,"minecraft:fly_one_cm":322079},"minecraft:used":{"minecraft:sand":78}},"DataVersion":3465}