{"stats":{"minecraft:picked_up":{"minecraft:sand":53},"minecraft:custom":{"minecraft:jump":157,"minecraft:time_since_rest":30367,"minecraft:crouch_one_cm":554,"minecraft:play_time":30367,"minecraft:leave_game":2,"minecraft:sprint_one_cm":4905,"minecraft:time_since_death":30367,"minecraft:walk_one_cm":32960,"minecraft:sneak_time":1327,"minecraft:climb_one_cm":245,"minecraft:total_world_time":30367,"minecraft:fall_one_cm":418,"minecraft:fly_one_cm":471270},"minecraft:used":{"minecraft:cobblestone_stairs":4,"minecraft:coarse_dirt":20,"minecraft:dirt":29,"minecraft:sand":91,"minecraft:cobblestone":93,"minecraft:potion":1,"minecraft:cobblestone_slab":102,"minecraft:grass_block":2}},"DataVersion":3465}