{"stats":{"minecraft:used":{"customnpcs:npcwand":1},"minecraft:custom":{"minecraft:jump":135,"minecraft:time_since_rest":14765,"minecraft:play_one_minute":14765,"minecraft:crouch_one_cm":396,"minecraft:damage_taken":10,"minecraft:leave_game":2,"minecraft:sprint_one_cm":10746,"minecraft:time_since_death":14765,"minecraft:walk_on_water_one_cm":2512,"minecraft:walk_one_cm":2979,"minecraft:sneak_time":308,"minecraft:walk_under_water_one_cm":11042,"minecraft:swim_one_cm":85,"minecraft:fall_one_cm":602,"minecraft:fly_one_cm":224085}},"DataVersion":2586}